question,answer,question_type,source_chunk_id,doc_id,dataset_type,chunk_idx,provider
What is surprising about Regina Willoughby's last season with Columbia City Ballet?,"Her 18-year-old daughter, Melina, is also starting her first season with the company.",fact,cc_news_0_Daughter Duo is Dancing in The_chunk_0,cc_news_0_Daughter Duo is Dancing in The,cc_news,0,gemini
How old is Regina Willoughby?,Regina Willoughby is 40 years old.,fact,cc_news_0_Daughter Duo is Dancing in The_chunk_0,cc_news_0_Daughter Duo is Dancing in The,cc_news,0,gemini
When will Regina Willoughby retire from the stage?,Regina Willoughby will retire in March.,fact,cc_news_0_Daughter Duo is Dancing in The_chunk_0,cc_news_0_Daughter Duo is Dancing in The,cc_news,0,gemini
In what ballet are Regina and Melina dancing together?,Regina and Melina are dancing together in The Nutcracker.,fact,cc_news_0_Daughter Duo is Dancing in The_chunk_0,cc_news_0_Daughter Duo is Dancing in The,cc_news,0,gemini
What roles do Regina and Melina have in The Nutcracker?,"Regina is performing as the Snow Queen, while Melina is in the snow corps and they are both in the Arabian divertissement.",fact,cc_news_0_Daughter Duo is Dancing in The_chunk_0,cc_news_0_Daughter Duo is Dancing in The,cc_news,0,gemini
How does Regina feel about dancing with her daughter?,Regina finds it very surreal to be dancing with her daughter and never thought Melina would take ballet this far.,reason,cc_news_0_Daughter Duo is Dancing in The_chunk_0,cc_news_0_Daughter Duo is Dancing in The,cc_news,0,gemini
Why did Peter Martins request a leave of absence?,Peter Martins requested a leave of absence due to an internal investigation into sexual harassment accusations aimed at him.,reason,cc_news_1_New York City Ballet Announces_chunk_0,cc_news_1_New York City Ballet Announces,cc_news,0,gemini
What is the composition of the interim leadership team for the New York City Ballet?,"The interim leadership team is composed of Jonathan Stafford, Justin Peck, Craig Hall, and Rebecca Krohn.",fact,cc_news_1_New York City Ballet Announces_chunk_0,cc_news_1_New York City Ballet Announces,cc_news,0,gemini
What responsibilities will the interim leadership team handle?,"The team will be responsible for the day-to-day artistic needs of the company including scheduling, casting, and conducting rehearsals.",fact,cc_news_1_New York City Ballet Announces_chunk_0,cc_news_1_New York City Ballet Announces,cc_news,0,gemini
Who leads the interim leadership team?,Ballet master and former principal dancer Jonathan Stafford leads the interim leadership team.,fact,cc_news_1_New York City Ballet Announces_chunk_0,cc_news_1_New York City Ballet Announces,cc_news,0,gemini
What roles within NYCB have Justin Peck and Craig Hall previously held?,"Justin Peck is a NYCB resident choreographer and soloist, while Craig Hall is a ballet master and former dancer with the company.",fact,cc_news_1_New York City Ballet Announces_chunk_0,cc_news_1_New York City Ballet Announces,cc_news,0,gemini
How might Rebecca Krohn's recent transition from dancing to a leadership role help the company?,"Her close familiarity with the company, having recently left the stage, should help to ease the dancers' transition.",reason,cc_news_1_New York City Ballet Announces_chunk_0,cc_news_1_New York City Ballet Announces,cc_news,0,gemini
Which two ballet companies participated in Super Bowl-themed performances?,Pennsylvania Ballet and Boston Ballet participated in Super Bowl-themed performances to cheer on their region's respective teams.,fact,cc_news_2_Watch Pennsylvania Ballet & Bo_chunk_0,cc_news_2_Watch Pennsylvania Ballet & Bo,cc_news,0,gemini
What color were the Pennsylvania Ballet dancers dressed in for their Super Bowl routine?,The Pennsylvania Ballet dancers were dressed in Eagles green for their Super Bowl routine.,fact,cc_news_2_Watch Pennsylvania Ballet & Bo_chunk_0,cc_news_2_Watch Pennsylvania Ballet & Bo,cc_news,0,gemini
What types of dance moves did the Pennsylvania Ballet perform?,"The Pennsylvania Ballet performed a fast-paced routine full of fouetté turns, sky-high jumps and some swan arms.",fact,cc_news_2_Watch Pennsylvania Ballet & Bo_chunk_0,cc_news_2_Watch Pennsylvania Ballet & Bo,cc_news,0,gemini
Why did Pennsylvania Ballet include swan arms in their routine?,Pennsylvania Ballet included swan arms in their routine because they are known as the birds.,reason,cc_news_2_Watch Pennsylvania Ballet & Bo_chunk_0,cc_news_2_Watch Pennsylvania Ballet & Bo,cc_news,0,gemini
Which principal dancer from Boston Ballet was featured in their Super Bowl video?,Principal dancer Paul Craig and soloist Derek Dunn were featured in Boston Ballet's Super Bowl video.,fact,cc_news_2_Watch Pennsylvania Ballet & Bo_chunk_0,cc_news_2_Watch Pennsylvania Ballet & Bo,cc_news,0,gemini
What ballet work did Boston Ballet reference in their Super Bowl performance and what props were used?,"Boston Ballet referenced Balanchine tricks in their video, and used props from Prodigal Son.",fact,cc_news_2_Watch Pennsylvania Ballet & Bo_chunk_0,cc_news_2_Watch Pennsylvania Ballet & Bo,cc_news,0,gemini
What dance shoe collection has Só Dança launched?,Só Dança has launched a new collection of dance shoes in collaboration with Broadway Dance Center.,fact,cc_news_3_dance shoes_chunk_0,cc_news_3_dance shoes,cc_news,0,gemini
What heel heights are the Só Dança dance shoes offered in?,"The Só Dança dance shoes are offered in 2.5"" or 3"" heels.",fact,cc_news_3_dance shoes_chunk_0,cc_news_3_dance shoes,cc_news,0,gemini
Why are top industry professionals loving the new Só Dança dance shoes?,Top industry professionals are loving the shoes because they are versatile and supportive.,reason,cc_news_3_dance shoes_chunk_0,cc_news_3_dance shoes,cc_news,0,gemini
Where was the Só Dança dance shoes collection shot?,The dance shoes collection was shot at and in collaboration with Broadway Dance Center.,fact,cc_news_3_dance shoes_chunk_0,cc_news_3_dance shoes,cc_news,0,gemini
What design feature of the Só Dança dance shoes helps dancers feel confident and stable?,"The heel is centered under the body, helping dancers feel confident and stable.",fact,cc_news_3_dance shoes_chunk_0,cc_news_3_dance shoes,cc_news,0,gemini
What is Rebecca Krohn best known for?,Rebecca Krohn is best known for her flawless execution of classic Balanchine leotard ballets.,fact,cc_news_4_Rebecca Krohn on Her Retiremen_chunk_0,cc_news_4_Rebecca Krohn on Her Retiremen,cc_news,0,gemini
When did Rebecca Krohn join the New York City Ballet as an apprentice?,Rebecca Krohn joined the NYCB as an apprentice in the fall of 1998.,fact,cc_news_4_Rebecca Krohn on Her Retiremen_chunk_0,cc_news_4_Rebecca Krohn on Her Retiremen,cc_news,0,gemini
When did Rebecca Krohn become a principal dancer?,Rebecca Krohn became a principal dancer in 2012.,fact,cc_news_4_Rebecca Krohn on Her Retiremen_chunk_0,cc_news_4_Rebecca Krohn on Her Retiremen,cc_news,0,gemini
What role will Rebecca Krohn take on after retiring as a principal dancer?,"After retiring as a principal dancer, Rebecca Krohn will become a ballet master at NYCB.",fact,cc_news_4_Rebecca Krohn on Her Retiremen_chunk_0,cc_news_4_Rebecca Krohn on Her Retiremen,cc_news,0,gemini
At what age did Rebecca Krohn move to New York?,Rebecca Krohn moved to New York when she was 14 to train at the School of American Ballet.,fact,cc_news_4_Rebecca Krohn on Her Retiremen_chunk_0,cc_news_4_Rebecca Krohn on Her Retiremen,cc_news,0,gemini
What ballet will Krohn dance on her final Saturday night?,Krohn will dance Stravinsky Violin Concerto with Amar Ramasar on her final Saturday night.,fact,cc_news_4_Rebecca Krohn on Her Retiremen_chunk_0,cc_news_4_Rebecca Krohn on Her Retiremen,cc_news,0,gemini
What Balanchine ballets are mentioned as favorites?,"Balanchine's Stravinsky Violin Concerto, Movements for Piano and Orchestra, and Agon are mentioned as favorites.",fact,cc_news_4_Rebecca Krohn on Her Retiremen_chunk_1,cc_news_4_Rebecca Krohn on Her Retiremen,cc_news,1,gemini
What is another ballet by Robbins that the speaker mentions enjoying?,The speaker mentions enjoying Robbins' Dances at a Gathering.,fact,cc_news_4_Rebecca Krohn on Her Retiremen_chunk_1,cc_news_4_Rebecca Krohn on Her Retiremen,cc_news,1,gemini
What makes sharing the stage with friends so special?,"Sharing the stage with friends creates an amazing sense of trust and spontaneity, leading to a strong connection.",reason,cc_news_4_Rebecca Krohn on Her Retiremen_chunk_1,cc_news_4_Rebecca Krohn on Her Retiremen,cc_news,1,gemini
How did the speaker's perspective on the company change over the years?,"As the speaker got older, the company seemed younger, and the speaker wanted to be a supportive figure for the younger dancers.",comparison,cc_news_4_Rebecca Krohn on Her Retiremen_chunk_1,cc_news_4_Rebecca Krohn on Her Retiremen,cc_news,1,gemini
What did the speaker want to offer the younger dancers?,The speaker wanted to offer the younger dancers support and advice.,fact,cc_news_4_Rebecca Krohn on Her Retiremen_chunk_1,cc_news_4_Rebecca Krohn on Her Retiremen,cc_news,1,gemini
What type of ballets did the speaker always love?,"The speaker always really loved the Balanchine black and white ballets, as well as some Robbins ballets.",fact,cc_news_4_Rebecca Krohn on Her Retiremen_chunk_1,cc_news_4_Rebecca Krohn on Her Retiremen,cc_news,1,gemini
When did the speaker formally address staying with the company?,The speaker formally addressed staying with the company a year ago.,fact,cc_news_4_Rebecca Krohn on Her Retiremen_chunk_2,cc_news_4_Rebecca Krohn on Her Retiremen,cc_news,2,gemini
What was Peter Martins's reaction to the speaker's desire to stay with the company?,Peter Martins thought it was a great idea for the speaker to stay with the company.,fact,cc_news_4_Rebecca Krohn on Her Retiremen_chunk_2,cc_news_4_Rebecca Krohn on Her Retiremen,cc_news,2,gemini
What is the speaker most looking forward to in their new role?,The speaker is most looking forward to nurturing the dancers and their talents and carrying on the amazing ballets with the new dancers for the future.,reason,cc_news_4_Rebecca Krohn on Her Retiremen_chunk_2,cc_news_4_Rebecca Krohn on Her Retiremen,cc_news,2,gemini
What inspires the speaker about Karin von Aroldingen?,Karin von Aroldingen's undying passion for the ballet pieces is incredibly inspiring to the speaker.,reason,cc_news_4_Rebecca Krohn on Her Retiremen_chunk_2,cc_news_4_Rebecca Krohn on Her Retiremen,cc_news,2,gemini
What talent does Susan Hendl have that inspires the speaker?,"Susan Hendl has a wonderful talent of drawing out everyone's unique qualities and femininity, which inspires the speaker.",reason,cc_news_4_Rebecca Krohn on Her Retiremen_chunk_2,cc_news_4_Rebecca Krohn on Her Retiremen,cc_news,2,gemini
Which ballet masters has the speaker connected with?,The speaker is very close to Karin von Aroldingen and has also been inspired by Susan Hendl.,fact,cc_news_4_Rebecca Krohn on Her Retiremen_chunk_2,cc_news_4_Rebecca Krohn on Her Retiremen,cc_news,2,gemini
"Besides ballet, what activities does the speaker plan to pursue with more free time?","The speaker plans to visit museums more often, indulging in her love for cooking and hosting dinner parties.",fact,cc_news_4_Rebecca Krohn on Her Retiremen_chunk_3,cc_news_4_Rebecca Krohn on Her Retiremen,cc_news,3,gemini
Why did the speaker avoid being on her legs all day on her days off while dancing?,The speaker avoided being on her legs all day on her days off because she wanted to rest her legs for dancing.,reason,cc_news_4_Rebecca Krohn on Her Retiremen_chunk_3,cc_news_4_Rebecca Krohn on Her Retiremen,cc_news,3,gemini
What is the first piece of advice for young dancers?,"The first piece of advice is that ballet instills discipline, which is an invaluable quality.",fact,cc_news_4_Rebecca Krohn on Her Retiremen_chunk_3,cc_news_4_Rebecca Krohn on Her Retiremen,cc_news,3,gemini
"According to the speaker, what is so special about ballet?","According to the speaker, the discipline that ballet instills is what's so special about it.",fact,cc_news_4_Rebecca Krohn on Her Retiremen_chunk_3,cc_news_4_Rebecca Krohn on Her Retiremen,cc_news,3,gemini
What is the second piece of advice for young dancers who are just starting out?,"The second piece of advice is to treat each day as a new start, be positive, and move forward, even on days when you don't feel good or things aren't working well.",fact,cc_news_4_Rebecca Krohn on Her Retiremen_chunk_3,cc_news_4_Rebecca Krohn on Her Retiremen,cc_news,3,gemini
How should young dancers approach days when they don't feel their best?,"Young dancers should approach those days as a fresh start, maintaining a positive attitude and continuing to move forward.",application,cc_news_4_Rebecca Krohn on Her Retiremen_chunk_3,cc_news_4_Rebecca Krohn on Her Retiremen,cc_news,3,gemini
